event,participant
http://www.wikidata.org/entity/Q1519107,
http://www.wikidata.org/entity/Q1209169,http://www.wikidata.org/entity/Q23334
http://www.wikidata.org/entity/Q1209169,http://www.wikidata.org/entity/Q159
http://www.wikidata.org/entity/Q1209169,http://www.wikidata.org/entity/Q230
http://www.wikidata.org/entity/Q1262084,http://www.wikidata.org/entity/Q977
http://www.wikidata.org/entity/Q1271059,http://www.wikidata.org/entity/Q114
http://www.wikidata.org/entity/Q1354920,http://www.wikidata.org/entity/Q977
http://www.wikidata.org/entity/Q1354920,http://www.wikidata.org/entity/Q986
http://www.wikidata.org/entity/Q1361929,http://www.wikidata.org/entity/Q833
http://www.wikidata.org/entity/Q1361929,http://www.wikidata.org/entity/Q252
http://www.wikidata.org/entity/Q1413732,http://www.wikidata.org/entity/Q668
http://www.wikidata.org/entity/Q1413732,http://www.wikidata.org/entity/Q843
http://www.wikidata.org/entity/Q1434602,http://www.wikidata.org/entity/Q1016
http://www.wikidata.org/entity/Q1434602,http://www.wikidata.org/entity/Q79
http://www.wikidata.org/entity/Q1209169,http://www.wikidata.org/entity/Q2034609
http://www.wikidata.org/entity/Q1262084,http://www.wikidata.org/entity/Q1470091
http://www.wikidata.org/entity/Q1413732,http://www.wikidata.org/entity/Q2722920
http://www.wikidata.org/entity/Q1271059,http://www.wikidata.org/entity/Q7559152
http://www.wikidata.org/entity/Q29269,http://www.wikidata.org/entity/Q179846
http://www.wikidata.org/entity/Q29269,http://www.wikidata.org/entity/Q190731
http://www.wikidata.org/entity/Q29269,http://www.wikidata.org/entity/Q193354
http://www.wikidata.org/entity/Q29269,http://www.wikidata.org/entity/Q210036
http://www.wikidata.org/entity/Q8740,http://www.wikidata.org/entity/Q858887
http://www.wikidata.org/entity/Q8740,http://www.wikidata.org/entity/Q870055
http://www.wikidata.org/entity/Q29269,http://www.wikidata.org/entity/Q238754
http://www.wikidata.org/entity/Q29269,http://www.wikidata.org/entity/Q335460
http://www.wikidata.org/entity/Q8740,http://www.wikidata.org/entity/Q1054184
http://www.wikidata.org/entity/Q37643,http://www.wikidata.org/entity/Q217194
http://www.wikidata.org/entity/Q49097,http://www.wikidata.org/entity/Q124943
http://www.wikidata.org/entity/Q49097,http://www.wikidata.org/entity/Q146885
http://www.wikidata.org/entity/Q49097,http://www.wikidata.org/entity/Q149805
http://www.wikidata.org/entity/Q49100,http://www.wikidata.org/entity/Q188783
http://www.wikidata.org/entity/Q49097,http://www.wikidata.org/entity/Q207913
http://www.wikidata.org/entity/Q49097,http://www.wikidata.org/entity/Q252054
http://www.wikidata.org/entity/Q49097,http://www.wikidata.org/entity/Q293332
http://www.wikidata.org/entity/Q29269,http://www.wikidata.org/entity/Q977234
http://www.wikidata.org/entity/Q49100,http://www.wikidata.org/entity/Q371935
http://www.wikidata.org/entity/Q49097,http://www.wikidata.org/entity/Q385509
http://www.wikidata.org/entity/Q49100,http://www.wikidata.org/entity/Q403494
http://www.wikidata.org/entity/Q49100,http://www.wikidata.org/entity/Q403707
http://www.wikidata.org/entity/Q49092,http://www.wikidata.org/entity/Q623911
http://www.wikidata.org/entity/Q49097,http://www.wikidata.org/entity/Q623911
http://www.wikidata.org/entity/Q49092,http://www.wikidata.org/entity/Q681182
http://www.wikidata.org/entity/Q49097,http://www.wikidata.org/entity/Q681182
http://www.wikidata.org/entity/Q29269,http://www.wikidata.org/entity/Q1377638
http://www.wikidata.org/entity/Q49097,http://www.wikidata.org/entity/Q1356549
http://www.wikidata.org/entity/Q8740,http://www.wikidata.org/entity/Q2638486
http://www.wikidata.org/entity/Q37643,http://www.wikidata.org/entity/Q3108185
http://www.wikidata.org/entity/Q29269,http://www.wikidata.org/entity/Q4119298
http://www.wikidata.org/entity/Q29269,http://www.wikidata.org/entity/Q4246195
http://www.wikidata.org/entity/Q49092,http://www.wikidata.org/entity/Q16129151
http://www.wikidata.org/entity/Q8663,http://www.wikidata.org/entity/Q258
http://www.wikidata.org/entity/Q8663,http://www.wikidata.org/entity/Q408
http://www.wikidata.org/entity/Q8663,http://www.wikidata.org/entity/Q423
http://www.wikidata.org/entity/Q8663,http://www.wikidata.org/entity/Q664
http://www.wikidata.org/entity/Q8663,http://www.wikidata.org/entity/Q739
http://www.wikidata.org/entity/Q8663,http://www.wikidata.org/entity/Q869
http://www.wikidata.org/entity/Q8663,http://www.wikidata.org/entity/Q884
http://www.wikidata.org/entity/Q8663,http://www.wikidata.org/entity/Q928
http://www.wikidata.org/entity/Q8740,http://www.wikidata.org/entity/Q408
http://www.wikidata.org/entity/Q8740,http://www.wikidata.org/entity/Q423
http://www.wikidata.org/entity/Q8740,http://www.wikidata.org/entity/Q664
http://www.wikidata.org/entity/Q8740,http://www.wikidata.org/entity/Q739
http://www.wikidata.org/entity/Q8740,http://www.wikidata.org/entity/Q869
http://www.wikidata.org/entity/Q8740,http://www.wikidata.org/entity/Q884
http://www.wikidata.org/entity/Q8740,http://www.wikidata.org/entity/Q928
http://www.wikidata.org/entity/Q8663,http://www.wikidata.org/entity/Q15180
http://www.wikidata.org/entity/Q8663,http://www.wikidata.org/entity/Q16
http://www.wikidata.org/entity/Q8663,http://www.wikidata.org/entity/Q30
http://www.wikidata.org/entity/Q8663,http://www.wikidata.org/entity/Q31
http://www.wikidata.org/entity/Q8663,http://www.wikidata.org/entity/Q32
http://www.wikidata.org/entity/Q8663,http://www.wikidata.org/entity/Q43
http://www.wikidata.org/entity/Q8663,http://www.wikidata.org/entity/Q41
http://www.wikidata.org/entity/Q8663,http://www.wikidata.org/entity/Q55
http://www.wikidata.org/entity/Q8663,http://www.wikidata.org/entity/Q115
http://www.wikidata.org/entity/Q8663,http://www.wikidata.org/entity/Q142
http://www.wikidata.org/entity/Q8663,http://www.wikidata.org/entity/Q145
http://www.wikidata.org/entity/Q8663,http://www.wikidata.org/entity/Q148
http://www.wikidata.org/entity/Q8740,http://www.wikidata.org/entity/Q30
http://www.wikidata.org/entity/Q8740,http://www.wikidata.org/entity/Q148
http://www.wikidata.org/entity/Q29242,http://www.wikidata.org/entity/Q18973
http://www.wikidata.org/entity/Q29269,http://www.wikidata.org/entity/Q159
http://www.wikidata.org/entity/Q29269,http://www.wikidata.org/entity/Q34453
http://www.wikidata.org/entity/Q37643,http://www.wikidata.org/entity/Q817
http://www.wikidata.org/entity/Q37643,http://www.wikidata.org/entity/Q851
http://www.wikidata.org/entity/Q37643,http://www.wikidata.org/entity/Q1316
http://www.wikidata.org/entity/Q37643,http://www.wikidata.org/entity/Q7416
http://www.wikidata.org/entity/Q37643,http://www.wikidata.org/entity/Q9559
http://www.wikidata.org/entity/Q37643,http://www.wikidata.org/entity/Q23505
http://www.wikidata.org/entity/Q37643,http://www.wikidata.org/entity/Q30
http://www.wikidata.org/entity/Q37643,http://www.wikidata.org/entity/Q142
http://www.wikidata.org/entity/Q37643,http://www.wikidata.org/entity/Q145
http://www.wikidata.org/entity/Q48249,http://www.wikidata.org/entity/Q414
http://www.wikidata.org/entity/Q49077,http://www.wikidata.org/entity/Q796
http://www.wikidata.org/entity/Q49077,http://www.wikidata.org/entity/Q801
http://www.wikidata.org/entity/Q49077,http://www.wikidata.org/entity/Q810
http://www.wikidata.org/entity/Q49077,http://www.wikidata.org/entity/Q822
http://www.wikidata.org/entity/Q49077,http://www.wikidata.org/entity/Q858
http://www.wikidata.org/entity/Q49092,http://www.wikidata.org/entity/Q801
http://www.wikidata.org/entity/Q49097,http://www.wikidata.org/entity/Q801
http://www.wikidata.org/entity/Q49097,http://www.wikidata.org/entity/Q810
http://www.wikidata.org/entity/Q49097,http://www.wikidata.org/entity/Q822
http://www.wikidata.org/entity/Q49100,http://www.wikidata.org/entity/Q801
http://www.wikidata.org/entity/Q49100,http://www.wikidata.org/entity/Q858
http://www.wikidata.org/entity/Q48249,http://www.wikidata.org/entity/Q145
http://www.wikidata.org/entity/Q49092,http://www.wikidata.org/entity/Q7172
http://www.wikidata.org/entity/Q49100,http://www.wikidata.org/entity/Q26683
http://www.wikidata.org/entity/Q49077,http://www.wikidata.org/entity/Q79
http://www.wikidata.org/entity/Q49100,http://www.wikidata.org/entity/Q30
http://www.wikidata.org/entity/Q49100,http://www.wikidata.org/entity/Q79
http://www.wikidata.org/entity/Q49092,http://www.wikidata.org/entity/Q37610
http://www.wikidata.org/entity/Q49092,http://www.wikidata.org/entity/Q58967
http://www.wikidata.org/entity/Q8740,http://www.wikidata.org/entity/Q172640
http://www.wikidata.org/entity/Q8740,http://www.wikidata.org/entity/Q174423
http://www.wikidata.org/entity/Q8740,http://www.wikidata.org/entity/Q180573
http://www.wikidata.org/entity/Q8740,http://www.wikidata.org/entity/Q191764
http://www.wikidata.org/entity/Q8740,http://www.wikidata.org/entity/Q221066
http://www.wikidata.org/entity/Q29242,http://www.wikidata.org/entity/Q106974
http://www.wikidata.org/entity/Q242352,
http://www.wikidata.org/entity/Q443226,
http://www.wikidata.org/entity/Q190758,http://www.wikidata.org/entity/Q1049
http://www.wikidata.org/entity/Q190029,http://www.wikidata.org/entity/Q16
http://www.wikidata.org/entity/Q190029,http://www.wikidata.org/entity/Q20
http://www.wikidata.org/entity/Q190029,http://www.wikidata.org/entity/Q30
http://www.wikidata.org/entity/Q190029,http://www.wikidata.org/entity/Q31
http://www.wikidata.org/entity/Q190029,http://www.wikidata.org/entity/Q28
http://www.wikidata.org/entity/Q190029,http://www.wikidata.org/entity/Q29
http://www.wikidata.org/entity/Q190029,http://www.wikidata.org/entity/Q35
http://www.wikidata.org/entity/Q190029,http://www.wikidata.org/entity/Q32
http://www.wikidata.org/entity/Q190029,http://www.wikidata.org/entity/Q38
http://www.wikidata.org/entity/Q190029,http://www.wikidata.org/entity/Q36
http://www.wikidata.org/entity/Q190029,http://www.wikidata.org/entity/Q43
http://www.wikidata.org/entity/Q190029,http://www.wikidata.org/entity/Q45
http://www.wikidata.org/entity/Q190029,http://www.wikidata.org/entity/Q55
http://www.wikidata.org/entity/Q190029,http://www.wikidata.org/entity/Q142
http://www.wikidata.org/entity/Q190029,http://www.wikidata.org/entity/Q145
http://www.wikidata.org/entity/Q190029,http://www.wikidata.org/entity/Q183
http://www.wikidata.org/entity/Q190029,http://www.wikidata.org/entity/Q189
http://www.wikidata.org/entity/Q190029,http://www.wikidata.org/entity/Q213
http://www.wikidata.org/entity/Q190029,http://www.wikidata.org/entity/Q222
http://www.wikidata.org/entity/Q202465,http://www.wikidata.org/entity/Q924
http://www.wikidata.org/entity/Q202465,http://www.wikidata.org/entity/Q1036
http://www.wikidata.org/entity/Q202465,http://www.wikidata.org/entity/Q26683
http://www.wikidata.org/entity/Q223085,http://www.wikidata.org/entity/Q783
http://www.wikidata.org/entity/Q223085,http://www.wikidata.org/entity/Q792
http://www.wikidata.org/entity/Q233583,http://www.wikidata.org/entity/Q668
http://www.wikidata.org/entity/Q233583,http://www.wikidata.org/entity/Q843
http://www.wikidata.org/entity/Q285280,http://www.wikidata.org/entity/Q159
http://www.wikidata.org/entity/Q285280,http://www.wikidata.org/entity/Q212
http://www.wikidata.org/entity/Q285280,http://www.wikidata.org/entity/Q217
http://www.wikidata.org/entity/Q303801,http://www.wikidata.org/entity/Q929
http://www.wikidata.org/entity/Q303801,http://www.wikidata.org/entity/Q958
http://www.wikidata.org/entity/Q303801,http://www.wikidata.org/entity/Q974
http://www.wikidata.org/entity/Q303801,http://www.wikidata.org/entity/Q1036
http://www.wikidata.org/entity/Q318250,http://www.wikidata.org/entity/Q1045
http://www.wikidata.org/entity/Q318250,http://www.wikidata.org/entity/Q15180
http://www.wikidata.org/entity/Q318250,http://www.wikidata.org/entity/Q115
http://www.wikidata.org/entity/Q318250,http://www.wikidata.org/entity/Q241
http://www.wikidata.org/entity/Q321780,http://www.wikidata.org/entity/Q18973
http://www.wikidata.org/entity/Q322607,http://www.wikidata.org/entity/Q801
http://www.wikidata.org/entity/Q322607,http://www.wikidata.org/entity/Q810
http://www.wikidata.org/entity/Q322607,http://www.wikidata.org/entity/Q858
http://www.wikidata.org/entity/Q322607,http://www.wikidata.org/entity/Q15180
http://www.wikidata.org/entity/Q322607,http://www.wikidata.org/entity/Q26683
http://www.wikidata.org/entity/Q322607,http://www.wikidata.org/entity/Q79
http://www.wikidata.org/entity/Q322607,http://www.wikidata.org/entity/Q241
http://www.wikidata.org/entity/Q327237,http://www.wikidata.org/entity/Q916
http://www.wikidata.org/entity/Q327237,http://www.wikidata.org/entity/Q954
http://www.wikidata.org/entity/Q327237,http://www.wikidata.org/entity/Q963
http://www.wikidata.org/entity/Q327237,http://www.wikidata.org/entity/Q974
http://www.wikidata.org/entity/Q327237,http://www.wikidata.org/entity/Q63345
http://www.wikidata.org/entity/Q371394,http://www.wikidata.org/entity/Q668
http://www.wikidata.org/entity/Q371394,http://www.wikidata.org/entity/Q843
http://www.wikidata.org/entity/Q381375,http://www.wikidata.org/entity/Q399
http://www.wikidata.org/entity/Q381375,http://www.wikidata.org/entity/Q15180
http://www.wikidata.org/entity/Q381375,http://www.wikidata.org/entity/Q227
http://www.wikidata.org/entity/Q404517,http://www.wikidata.org/entity/Q668
http://www.wikidata.org/entity/Q404517,http://www.wikidata.org/entity/Q843
http://www.wikidata.org/entity/Q190029,http://www.wikidata.org/entity/Q193366
http://www.wikidata.org/entity/Q190758,http://www.wikidata.org/entity/Q178328
http://www.wikidata.org/entity/Q190758,http://www.wikidata.org/entity/Q384535
http://www.wikidata.org/entity/Q190029,http://www.wikidata.org/entity/Q838261
http://www.wikidata.org/entity/Q202465,http://www.wikidata.org/entity/Q617078
http://www.wikidata.org/entity/Q202465,http://www.wikidata.org/entity/Q2738248
http://www.wikidata.org/entity/Q190758,http://www.wikidata.org/entity/Q3374306
http://www.wikidata.org/entity/Q303801,http://www.wikidata.org/entity/Q108462
http://www.wikidata.org/entity/Q285280,http://www.wikidata.org/entity/Q907112
http://www.wikidata.org/entity/Q318250,http://www.wikidata.org/entity/Q199841
http://www.wikidata.org/entity/Q321780,http://www.wikidata.org/entity/Q171795
http://www.wikidata.org/entity/Q327237,http://www.wikidata.org/entity/Q217726
http://www.wikidata.org/entity/Q327237,http://www.wikidata.org/entity/Q249015
http://www.wikidata.org/entity/Q318250,http://www.wikidata.org/entity/Q828005
http://www.wikidata.org/entity/Q303801,http://www.wikidata.org/entity/Q1501987
http://www.wikidata.org/entity/Q318250,http://www.wikidata.org/entity/Q1462545
http://www.wikidata.org/entity/Q318250,http://www.wikidata.org/entity/Q1477220
http://www.wikidata.org/entity/Q327237,http://www.wikidata.org/entity/Q1501987
http://www.wikidata.org/entity/Q381375,http://www.wikidata.org/entity/Q130216
http://www.wikidata.org/entity/Q381375,http://www.wikidata.org/entity/Q131337
http://www.wikidata.org/entity/Q381375,http://www.wikidata.org/entity/Q132856
http://www.wikidata.org/entity/Q381375,http://www.wikidata.org/entity/Q244165
http://www.wikidata.org/entity/Q381375,http://www.wikidata.org/entity/Q318657
http://www.wikidata.org/entity/Q327237,http://www.wikidata.org/entity/Q2838075
http://www.wikidata.org/entity/Q381375,http://www.wikidata.org/entity/Q1751089
http://www.wikidata.org/entity/Q371394,http://www.wikidata.org/entity/Q3349507
http://www.wikidata.org/entity/Q202465,http://www.wikidata.org/entity/Q17435890
http://www.wikidata.org/entity/Q190758,http://www.wikidata.org/entity/Q24911485
http://www.wikidata.org/entity/Q327237,http://www.wikidata.org/entity/Q21476759
http://www.wikidata.org/entity/Q49103,http://www.wikidata.org/entity/Q152220
http://www.wikidata.org/entity/Q49103,http://www.wikidata.org/entity/Q452670
http://www.wikidata.org/entity/Q49104,http://www.wikidata.org/entity/Q452670
http://www.wikidata.org/entity/Q49100,http://www.wikidata.org/entity/Q467150
http://www.wikidata.org/entity/Q49100,http://www.wikidata.org/entity/Q467177
http://www.wikidata.org/entity/Q49103,http://www.wikidata.org/entity/Q720676
http://www.wikidata.org/entity/Q49104,http://www.wikidata.org/entity/Q921699
http://www.wikidata.org/entity/Q49100,http://www.wikidata.org/entity/Q926452
http://www.wikidata.org/entity/Q49103,http://www.wikidata.org/entity/Q929554
http://www.wikidata.org/entity/Q49100,http://www.wikidata.org/entity/Q946803
http://www.wikidata.org/entity/Q49104,http://www.wikidata.org/entity/Q1349604
http://www.wikidata.org/entity/Q68969,http://www.wikidata.org/entity/Q224
http://www.wikidata.org/entity/Q49100,http://www.wikidata.org/entity/Q1639447
http://www.wikidata.org/entity/Q49103,http://www.wikidata.org/entity/Q1718017
http://www.wikidata.org/entity/Q75756,http://www.wikidata.org/entity/Q657
http://www.wikidata.org/entity/Q75756,http://www.wikidata.org/entity/Q916
http://www.wikidata.org/entity/Q75756,http://www.wikidata.org/entity/Q954
http://www.wikidata.org/entity/Q75756,http://www.wikidata.org/entity/Q967
http://www.wikidata.org/entity/Q75756,http://www.wikidata.org/entity/Q974
http://www.wikidata.org/entity/Q75756,http://www.wikidata.org/entity/Q1030
http://www.wikidata.org/entity/Q75756,http://www.wikidata.org/entity/Q1036
http://www.wikidata.org/entity/Q75756,http://www.wikidata.org/entity/Q1037
http://www.wikidata.org/entity/Q75756,http://www.wikidata.org/entity/Q1049
http://www.wikidata.org/entity/Q49103,http://www.wikidata.org/entity/Q1822817
http://www.wikidata.org/entity/Q75756,http://www.wikidata.org/entity/Q28699
http://www.wikidata.org/entity/Q82664,http://www.wikidata.org/entity/Q794
http://www.wikidata.org/entity/Q82664,http://www.wikidata.org/entity/Q796
http://www.wikidata.org/entity/Q82664,http://www.wikidata.org/entity/Q1049
http://www.wikidata.org/entity/Q83085,http://www.wikidata.org/entity/Q15180
http://www.wikidata.org/entity/Q49100,http://www.wikidata.org/entity/Q2468387
http://www.wikidata.org/entity/Q49100,http://www.wikidata.org/entity/Q2836110
http://www.wikidata.org/entity/Q49100,http://www.wikidata.org/entity/Q2915872
http://www.wikidata.org/entity/Q49100,http://www.wikidata.org/entity/Q2915878
http://www.wikidata.org/entity/Q120843,http://www.wikidata.org/entity/Q159
http://www.wikidata.org/entity/Q120843,http://www.wikidata.org/entity/Q230
http://www.wikidata.org/entity/Q120843,http://www.wikidata.org/entity/Q58826
http://www.wikidata.org/entity/Q49103,http://www.wikidata.org/entity/Q3326561
http://www.wikidata.org/entity/Q151622,http://www.wikidata.org/entity/Q801
http://www.wikidata.org/entity/Q151622,http://www.wikidata.org/entity/Q26683
http://www.wikidata.org/entity/Q151622,http://www.wikidata.org/entity/Q38799
http://www.wikidata.org/entity/Q151622,http://www.wikidata.org/entity/Q39760
http://www.wikidata.org/entity/Q151622,http://www.wikidata.org/entity/Q42620
http://www.wikidata.org/entity/Q170682,http://www.wikidata.org/entity/Q801
http://www.wikidata.org/entity/Q170682,http://www.wikidata.org/entity/Q38799
http://www.wikidata.org/entity/Q170682,http://www.wikidata.org/entity/Q39760
http://www.wikidata.org/entity/Q179275,http://www.wikidata.org/entity/Q843
http://www.wikidata.org/entity/Q179275,http://www.wikidata.org/entity/Q11223
http://www.wikidata.org/entity/Q179275,http://www.wikidata.org/entity/Q30
http://www.wikidata.org/entity/Q179275,http://www.wikidata.org/entity/Q145
http://www.wikidata.org/entity/Q179275,http://www.wikidata.org/entity/Q34490
http://www.wikidata.org/entity/Q49103,http://www.wikidata.org/entity/Q6510917
http://www.wikidata.org/entity/Q49103,http://www.wikidata.org/entity/Q17006094
http://www.wikidata.org/entity/Q49103,http://www.wikidata.org/entity/Q801
http://www.wikidata.org/entity/Q49103,http://www.wikidata.org/entity/Q858
http://www.wikidata.org/entity/Q49101,http://www.wikidata.org/entity/Q801
http://www.wikidata.org/entity/Q49103,http://www.wikidata.org/entity/Q26683
http://www.wikidata.org/entity/Q49101,http://www.wikidata.org/entity/Q79
http://www.wikidata.org/entity/Q49101,http://www.wikidata.org/entity/Q142
http://www.wikidata.org/entity/Q49101,http://www.wikidata.org/entity/Q145
http://www.wikidata.org/entity/Q49103,http://www.wikidata.org/entity/Q41053
http://www.wikidata.org/entity/Q49104,http://www.wikidata.org/entity/Q41053
http://www.wikidata.org/entity/Q49104,http://www.wikidata.org/entity/Q58967
http://www.wikidata.org/entity/Q68969,http://www.wikidata.org/entity/Q83286
http://www.wikidata.org/entity/Q68969,http://www.wikidata.org/entity/Q211853
http://www.wikidata.org/entity/Q68969,http://www.wikidata.org/entity/Q272110
http://www.wikidata.org/entity/Q75756,http://www.wikidata.org/entity/Q108462
http://www.wikidata.org/entity/Q75756,http://www.wikidata.org/entity/Q134469
http://www.wikidata.org/entity/Q75756,http://www.wikidata.org/entity/Q144806
http://www.wikidata.org/entity/Q75756,http://www.wikidata.org/entity/Q249015
http://www.wikidata.org/entity/Q75756,http://www.wikidata.org/entity/Q645254
http://www.wikidata.org/entity/Q83085,http://www.wikidata.org/entity/Q476757
http://www.wikidata.org/entity/Q68969,http://www.wikidata.org/entity/Q934644
http://www.wikidata.org/entity/Q82664,http://www.wikidata.org/entity/Q636947
http://www.wikidata.org/entity/Q82664,http://www.wikidata.org/entity/Q677505
http://www.wikidata.org/entity/Q82664,http://www.wikidata.org/entity/Q718723
http://www.wikidata.org/entity/Q82664,http://www.wikidata.org/entity/Q781221
http://www.wikidata.org/entity/Q82664,http://www.wikidata.org/entity/Q785078
http://www.wikidata.org/entity/Q68969,http://www.wikidata.org/entity/Q1274468
http://www.wikidata.org/entity/Q75756,http://www.wikidata.org/entity/Q1498659
http://www.wikidata.org/entity/Q83085,http://www.wikidata.org/entity/Q1360256
http://www.wikidata.org/entity/Q120843,http://www.wikidata.org/entity/Q210036
http://www.wikidata.org/entity/Q75756,http://www.wikidata.org/entity/Q2271402
http://www.wikidata.org/entity/Q151622,http://www.wikidata.org/entity/Q117907
http://www.wikidata.org/entity/Q170682,http://www.wikidata.org/entity/Q117907
http://www.wikidata.org/entity/Q170682,http://www.wikidata.org/entity/Q178888
http://www.wikidata.org/entity/Q170682,http://www.wikidata.org/entity/Q212884
http://www.wikidata.org/entity/Q179275,http://www.wikidata.org/entity/Q274564
http://www.wikidata.org/entity/Q75756,http://www.wikidata.org/entity/Q3550188
http://www.wikidata.org/entity/Q179275,http://www.wikidata.org/entity/Q690419
http://www.wikidata.org/entity/Q179275,http://www.wikidata.org/entity/Q837906
http://www.wikidata.org/entity/Q179275,http://www.wikidata.org/entity/Q973179
http://www.wikidata.org/entity/Q179275,http://www.wikidata.org/entity/Q1459585
http://www.wikidata.org/entity/Q179275,http://www.wikidata.org/entity/Q1674170
http://www.wikidata.org/entity/Q75756,http://www.wikidata.org/entity/Q5467563
http://www.wikidata.org/entity/Q82664,http://www.wikidata.org/entity/Q5255812
http://www.wikidata.org/entity/Q120843,http://www.wikidata.org/entity/Q4116969
http://www.wikidata.org/entity/Q120843,http://www.wikidata.org/entity/Q4119298
http://www.wikidata.org/entity/Q75756,http://www.wikidata.org/entity/Q7287080
http://www.wikidata.org/entity/Q68969,http://www.wikidata.org/entity/Q16761250
http://www.wikidata.org/entity/Q151622,http://www.wikidata.org/entity/Q29075570
http://www.wikidata.org/entity/Q181533,http://www.wikidata.org/entity/Q7184
http://www.wikidata.org/entity/Q181533,http://www.wikidata.org/entity/Q224
http://www.wikidata.org/entity/Q182865,http://www.wikidata.org/entity/Q408
http://www.wikidata.org/entity/Q182865,http://www.wikidata.org/entity/Q16
http://www.wikidata.org/entity/Q182865,http://www.wikidata.org/entity/Q30
http://www.wikidata.org/entity/Q182865,http://www.wikidata.org/entity/Q145
http://www.wikidata.org/entity/Q182865,http://www.wikidata.org/entity/Q183
http://www.wikidata.org/entity/Q182865,http://www.wikidata.org/entity/Q34490
http://www.wikidata.org/entity/Q185729,http://www.wikidata.org/entity/Q30
http://www.wikidata.org/entity/Q185729,http://www.wikidata.org/entity/Q142
http://www.wikidata.org/entity/Q185729,http://www.wikidata.org/entity/Q145
http://www.wikidata.org/entity/Q185729,http://www.wikidata.org/entity/Q148
http://www.wikidata.org/entity/Q185729,http://www.wikidata.org/entity/Q159
http://www.wikidata.org/entity/Q185729,http://www.wikidata.org/entity/Q34490
http://www.wikidata.org/entity/Q185729,http://www.wikidata.org/entity/Q42418
http://www.wikidata.org/entity/Q181533,http://www.wikidata.org/entity/Q192262
http://www.wikidata.org/entity/Q181533,http://www.wikidata.org/entity/Q211853
http://www.wikidata.org/entity/Q181533,http://www.wikidata.org/entity/Q334731
http://www.wikidata.org/entity/Q182865,http://www.wikidata.org/entity/Q309368
http://www.wikidata.org/entity/Q182865,http://www.wikidata.org/entity/Q427941
http://www.wikidata.org/entity/Q182865,http://www.wikidata.org/entity/Q690419
http://www.wikidata.org/entity/Q182865,http://www.wikidata.org/entity/Q973179
http://www.wikidata.org/entity/Q181533,http://www.wikidata.org/entity/Q1274468
http://www.wikidata.org/entity/Q182865,http://www.wikidata.org/entity/Q1674170
http://www.wikidata.org/entity/Q179275,http://www.wikidata.org/entity/Q1806585
http://www.wikidata.org/entity/Q185729,http://www.wikidata.org/entity/Q1674170
http://www.wikidata.org/entity/Q179275,http://www.wikidata.org/entity/Q2429253
http://www.wikidata.org/entity/Q185729,http://www.wikidata.org/entity/Q2429253
http://www.wikidata.org/entity/Q179275,http://www.wikidata.org/entity/Q2746169
http://www.wikidata.org/entity/Q179275,http://www.wikidata.org/entity/Q2821724
http://www.wikidata.org/entity/Q179275,http://www.wikidata.org/entity/Q3186738
http://www.wikidata.org/entity/Q182865,http://www.wikidata.org/entity/Q3076828
http://www.wikidata.org/entity/Q179275,http://www.wikidata.org/entity/Q4366828
http://www.wikidata.org/entity/Q181533,http://www.wikidata.org/entity/Q16761250
http://www.wikidata.org/entity/Q179275,http://www.wikidata.org/entity/Q18711585
http://www.wikidata.org/entity/Q179275,http://www.wikidata.org/entity/Q21070585
http://www.wikidata.org/entity/Q1072042,http://www.wikidata.org/entity/Q332065
http://www.wikidata.org/entity/Q1072042,http://www.wikidata.org/entity/Q485112
http://www.wikidata.org/entity/Q1072042,http://www.wikidata.org/entity/Q737040
http://www.wikidata.org/entity/Q1072042,http://www.wikidata.org/entity/Q927467
http://www.wikidata.org/entity/Q1072042,http://www.wikidata.org/entity/Q1153941
http://www.wikidata.org/entity/Q1069736,http://www.wikidata.org/entity/Q1274468
http://www.wikidata.org/entity/Q1072042,http://www.wikidata.org/entity/Q1641888
http://www.wikidata.org/entity/Q1072042,http://www.wikidata.org/entity/Q2298600
http://www.wikidata.org/entity/Q1143379,http://www.wikidata.org/entity/Q2586527
http://www.wikidata.org/entity/Q1072042,http://www.wikidata.org/entity/Q6110167
http://www.wikidata.org/entity/Q1072042,http://www.wikidata.org/entity/Q6930781
http://www.wikidata.org/entity/Q1072042,http://www.wikidata.org/entity/Q7294660
http://www.wikidata.org/entity/Q1143379,http://www.wikidata.org/entity/Q27628118
http://www.wikidata.org/entity/Q545449,
http://www.wikidata.org/entity/Q553184,http://www.wikidata.org/entity/Q801
http://www.wikidata.org/entity/Q553184,http://www.wikidata.org/entity/Q39760
http://www.wikidata.org/entity/Q580961,http://www.wikidata.org/entity/Q912
http://www.wikidata.org/entity/Q580961,http://www.wikidata.org/entity/Q965
http://www.wikidata.org/entity/Q609836,http://www.wikidata.org/entity/Q28551
http://www.wikidata.org/entity/Q609836,http://www.wikidata.org/entity/Q28699
http://www.wikidata.org/entity/Q611071,http://www.wikidata.org/entity/Q657
http://www.wikidata.org/entity/Q611071,http://www.wikidata.org/entity/Q19878
http://www.wikidata.org/entity/Q611071,http://www.wikidata.org/entity/Q142
http://www.wikidata.org/entity/Q619749,http://www.wikidata.org/entity/Q43
http://www.wikidata.org/entity/Q620735,http://www.wikidata.org/entity/Q23334
http://www.wikidata.org/entity/Q620735,http://www.wikidata.org/entity/Q23427
http://www.wikidata.org/entity/Q620735,http://www.wikidata.org/entity/Q159
http://www.wikidata.org/entity/Q620735,http://www.wikidata.org/entity/Q230
http://www.wikidata.org/entity/Q623171,http://www.wikidata.org/entity/Q881
http://www.wikidata.org/entity/Q623171,http://www.wikidata.org/entity/Q148
http://www.wikidata.org/entity/Q632787,http://www.wikidata.org/entity/Q262
http://www.wikidata.org/entity/Q632787,http://www.wikidata.org/entity/Q657
http://www.wikidata.org/entity/Q632787,http://www.wikidata.org/entity/Q912
http://www.wikidata.org/entity/Q632787,http://www.wikidata.org/entity/Q948
http://www.wikidata.org/entity/Q632787,http://www.wikidata.org/entity/Q1016
http://www.wikidata.org/entity/Q632787,http://www.wikidata.org/entity/Q1025
http://www.wikidata.org/entity/Q632787,http://www.wikidata.org/entity/Q1032
http://www.wikidata.org/entity/Q632787,http://www.wikidata.org/entity/Q142
http://www.wikidata.org/entity/Q635533,http://www.wikidata.org/entity/Q869
http://www.wikidata.org/entity/Q635533,http://www.wikidata.org/entity/Q881
http://www.wikidata.org/entity/Q643925,http://www.wikidata.org/entity/Q159
http://www.wikidata.org/entity/Q644589,http://www.wikidata.org/entity/Q142
http://www.wikidata.org/entity/Q609836,http://www.wikidata.org/entity/Q504564
http://www.wikidata.org/entity/Q609836,http://www.wikidata.org/entity/Q608489
http://www.wikidata.org/entity/Q553184,http://www.wikidata.org/entity/Q2429253
http://www.wikidata.org/entity/Q611071,http://www.wikidata.org/entity/Q653414
http://www.wikidata.org/entity/Q609836,http://www.wikidata.org/entity/Q776352
http://www.wikidata.org/entity/Q609836,http://www.wikidata.org/entity/Q824489
http://www.wikidata.org/entity/Q609836,http://www.wikidata.org/entity/Q907051
http://www.wikidata.org/entity/Q632787,http://www.wikidata.org/entity/Q212372
http://www.wikidata.org/entity/Q632787,http://www.wikidata.org/entity/Q311841
http://www.wikidata.org/entity/Q611071,http://www.wikidata.org/entity/Q1075228
http://www.wikidata.org/entity/Q635533,http://www.wikidata.org/entity/Q330988
http://www.wikidata.org/entity/Q632787,http://www.wikidata.org/entity/Q550108
http://www.wikidata.org/entity/Q632787,http://www.wikidata.org/entity/Q568900
http://www.wikidata.org/entity/Q553184,http://www.wikidata.org/entity/Q3380905
http://www.wikidata.org/entity/Q652284,http://www.wikidata.org/entity/Q339636
http://www.wikidata.org/entity/Q635533,http://www.wikidata.org/entity/Q867778
http://www.wikidata.org/entity/Q619749,http://www.wikidata.org/entity/Q1565220
http://www.wikidata.org/entity/Q619749,http://www.wikidata.org/entity/Q1779776
http://www.wikidata.org/entity/Q652284,http://www.wikidata.org/entity/Q828005
http://www.wikidata.org/entity/Q652284,http://www.wikidata.org/entity/Q1477220
http://www.wikidata.org/entity/Q652285,http://www.wikidata.org/entity/Q1775277
http://www.wikidata.org/entity/Q632787,http://www.wikidata.org/entity/Q2429253
http://www.wikidata.org/entity/Q652285,http://www.wikidata.org/entity/Q2006542
http://www.wikidata.org/entity/Q632787,http://www.wikidata.org/entity/Q2635966
http://www.wikidata.org/entity/Q635533,http://www.wikidata.org/entity/Q2785731
http://www.wikidata.org/entity/Q635533,http://www.wikidata.org/entity/Q3278067
http://www.wikidata.org/entity/Q632787,http://www.wikidata.org/entity/Q3469483
http://www.wikidata.org/entity/Q644589,http://www.wikidata.org/entity/Q3751369
http://www.wikidata.org/entity/Q632787,http://www.wikidata.org/entity/Q4770519
http://www.wikidata.org/entity/Q644589,http://www.wikidata.org/entity/Q5066449
http://www.wikidata.org/entity/Q644589,http://www.wikidata.org/entity/Q5255813
http://www.wikidata.org/entity/Q611071,http://www.wikidata.org/entity/Q6500954
http://www.wikidata.org/entity/Q643925,http://www.wikidata.org/entity/Q6082434
http://www.wikidata.org/entity/Q632787,http://www.wikidata.org/entity/Q12525579
http://www.wikidata.org/entity/Q632787,http://www.wikidata.org/entity/Q13257444
http://www.wikidata.org/entity/Q632787,http://www.wikidata.org/entity/Q14501938
http://www.wikidata.org/entity/Q632787,http://www.wikidata.org/entity/Q16525650
http://www.wikidata.org/entity/Q611071,http://www.wikidata.org/entity/Q17435890
http://www.wikidata.org/entity/Q644589,http://www.wikidata.org/entity/Q17435890
http://www.wikidata.org/entity/Q619749,http://www.wikidata.org/entity/Q19343726
http://www.wikidata.org/entity/Q619749,http://www.wikidata.org/entity/Q24042122
http://www.wikidata.org/entity/Q632787,http://www.wikidata.org/entity/Q28877411
http://www.wikidata.org/entity/Q832273,http://www.wikidata.org/entity/Q986
http://www.wikidata.org/entity/Q832273,http://www.wikidata.org/entity/Q115
http://www.wikidata.org/entity/Q838695,http://www.wikidata.org/entity/Q916
http://www.wikidata.org/entity/Q838695,http://www.wikidata.org/entity/Q967
http://www.wikidata.org/entity/Q838695,http://www.wikidata.org/entity/Q1036
http://www.wikidata.org/entity/Q838695,http://www.wikidata.org/entity/Q1037
http://www.wikidata.org/entity/Q838695,http://www.wikidata.org/entity/Q28699
http://www.wikidata.org/entity/Q959303,http://www.wikidata.org/entity/Q23334
http://www.wikidata.org/entity/Q1064335,http://www.wikidata.org/entity/Q30
http://www.wikidata.org/entity/Q1064335,http://www.wikidata.org/entity/Q145
http://www.wikidata.org/entity/Q1069736,http://www.wikidata.org/entity/Q224
http://www.wikidata.org/entity/Q1072042,http://www.wikidata.org/entity/Q9603
http://www.wikidata.org/entity/Q1072042,http://www.wikidata.org/entity/Q115
http://www.wikidata.org/entity/Q1143379,http://www.wikidata.org/entity/Q5237
http://www.wikidata.org/entity/Q748780,http://www.wikidata.org/entity/Q69829
http://www.wikidata.org/entity/Q748780,http://www.wikidata.org/entity/Q94682
http://www.wikidata.org/entity/Q748780,http://www.wikidata.org/entity/Q190949
http://www.wikidata.org/entity/Q748780,http://www.wikidata.org/entity/Q870055
http://www.wikidata.org/entity/Q748780,http://www.wikidata.org/entity/Q1193879
http://www.wikidata.org/entity/Q748780,http://www.wikidata.org/entity/Q2638478
http://www.wikidata.org/entity/Q748780,http://www.wikidata.org/entity/Q2638486
http://www.wikidata.org/entity/Q838695,http://www.wikidata.org/entity/Q755973
http://www.wikidata.org/entity/Q838695,http://www.wikidata.org/entity/Q2367261
http://www.wikidata.org/entity/Q838695,http://www.wikidata.org/entity/Q2862906
http://www.wikidata.org/entity/Q959303,http://www.wikidata.org/entity/Q666374
http://www.wikidata.org/entity/Q959303,http://www.wikidata.org/entity/Q2593093
http://www.wikidata.org/entity/Q959303,http://www.wikidata.org/entity/Q2654934
http://www.wikidata.org/entity/Q838695,http://www.wikidata.org/entity/Q6500954
http://www.wikidata.org/entity/Q1069736,http://www.wikidata.org/entity/Q334731
http://www.wikidata.org/entity/Q8683,http://www.wikidata.org/entity/Q1507074
http://www.wikidata.org/entity/Q28444896,
http://www.wikidata.org/entity/Q6022577,http://www.wikidata.org/entity/Q854
http://www.wikidata.org/entity/Q21647838,http://www.wikidata.org/entity/Q56010
http://www.wikidata.org/entity/Q6022577,http://www.wikidata.org/entity/Q80312
http://www.wikidata.org/entity/Q6022577,http://www.wikidata.org/entity/Q3358912
http://www.wikidata.org/entity/Q17507684,http://www.wikidata.org/entity/Q18712599
http://www.wikidata.org/entity/Q18121212,http://www.wikidata.org/entity/Q18712599
http://www.wikidata.org/entity/Q18159629,http://www.wikidata.org/entity/Q18712599
http://www.wikidata.org/entity/Q8683,http://www.wikidata.org/entity/Q170541
http://www.wikidata.org/entity/Q1936011,
http://www.wikidata.org/entity/Q1760930,http://www.wikidata.org/entity/Q419
http://www.wikidata.org/entity/Q1760930,http://www.wikidata.org/entity/Q736
http://www.wikidata.org/entity/Q1814745,http://www.wikidata.org/entity/Q854
http://www.wikidata.org/entity/Q1891008,http://www.wikidata.org/entity/Q262
http://www.wikidata.org/entity/Q1891008,http://www.wikidata.org/entity/Q1028
http://www.wikidata.org/entity/Q1891008,http://www.wikidata.org/entity/Q241
http://www.wikidata.org/entity/Q1922071,http://www.wikidata.org/entity/Q668
http://www.wikidata.org/entity/Q1922071,http://www.wikidata.org/entity/Q843
http://www.wikidata.org/entity/Q2337340,http://www.wikidata.org/entity/Q419
http://www.wikidata.org/entity/Q2337340,http://www.wikidata.org/entity/Q736
http://www.wikidata.org/entity/Q2342102,http://www.wikidata.org/entity/Q408
http://www.wikidata.org/entity/Q2342102,http://www.wikidata.org/entity/Q423
http://www.wikidata.org/entity/Q2342102,http://www.wikidata.org/entity/Q664
http://www.wikidata.org/entity/Q2342102,http://www.wikidata.org/entity/Q819
http://www.wikidata.org/entity/Q2342102,http://www.wikidata.org/entity/Q869
http://www.wikidata.org/entity/Q2342102,http://www.wikidata.org/entity/Q881
http://www.wikidata.org/entity/Q2342102,http://www.wikidata.org/entity/Q884
http://www.wikidata.org/entity/Q2342102,http://www.wikidata.org/entity/Q928
http://www.wikidata.org/entity/Q2342102,http://www.wikidata.org/entity/Q30
http://www.wikidata.org/entity/Q2342102,http://www.wikidata.org/entity/Q148
http://www.wikidata.org/entity/Q2652686,http://www.wikidata.org/entity/Q836
http://www.wikidata.org/entity/Q2904516,http://www.wikidata.org/entity/Q801
http://www.wikidata.org/entity/Q2904516,http://www.wikidata.org/entity/Q810
http://www.wikidata.org/entity/Q2904516,http://www.wikidata.org/entity/Q822
http://www.wikidata.org/entity/Q2904516,http://www.wikidata.org/entity/Q858
http://www.wikidata.org/entity/Q1640107,http://www.wikidata.org/entity/Q69829
http://www.wikidata.org/entity/Q1640107,http://www.wikidata.org/entity/Q2575765
http://www.wikidata.org/entity/Q1783607,http://www.wikidata.org/entity/Q648924
http://www.wikidata.org/entity/Q1783607,http://www.wikidata.org/entity/Q959701
http://www.wikidata.org/entity/Q1814745,http://www.wikidata.org/entity/Q80312
http://www.wikidata.org/entity/Q1640107,http://www.wikidata.org/entity/Q13474305
http://www.wikidata.org/entity/Q2342102,http://www.wikidata.org/entity/Q69829
http://www.wikidata.org/entity/Q2342102,http://www.wikidata.org/entity/Q94682
http://www.wikidata.org/entity/Q2342102,http://www.wikidata.org/entity/Q172640
http://www.wikidata.org/entity/Q2342102,http://www.wikidata.org/entity/Q174423
http://www.wikidata.org/entity/Q2342102,http://www.wikidata.org/entity/Q180573
http://www.wikidata.org/entity/Q2342102,http://www.wikidata.org/entity/Q190949
http://www.wikidata.org/entity/Q2342102,http://www.wikidata.org/entity/Q191764
http://www.wikidata.org/entity/Q2342102,http://www.wikidata.org/entity/Q221066
http://www.wikidata.org/entity/Q2342102,http://www.wikidata.org/entity/Q330988
http://www.wikidata.org/entity/Q2342102,http://www.wikidata.org/entity/Q858887
http://www.wikidata.org/entity/Q2342102,http://www.wikidata.org/entity/Q867778
http://www.wikidata.org/entity/Q2342102,http://www.wikidata.org/entity/Q870055
http://www.wikidata.org/entity/Q2342102,http://www.wikidata.org/entity/Q1054184
http://www.wikidata.org/entity/Q2342102,http://www.wikidata.org/entity/Q1193879
http://www.wikidata.org/entity/Q2342102,http://www.wikidata.org/entity/Q1359816
http://www.wikidata.org/entity/Q2342102,http://www.wikidata.org/entity/Q1389839
http://www.wikidata.org/entity/Q2342102,http://www.wikidata.org/entity/Q2638478
http://www.wikidata.org/entity/Q2342102,http://www.wikidata.org/entity/Q2638486
http://www.wikidata.org/entity/Q2342102,http://www.wikidata.org/entity/Q6585270
http://www.wikidata.org/entity/Q2652686,http://www.wikidata.org/entity/Q689844
http://www.wikidata.org/entity/Q2652686,http://www.wikidata.org/entity/Q4783799
http://www.wikidata.org/entity/Q2652686,http://www.wikidata.org/entity/Q6897693
http://www.wikidata.org/entity/Q2652686,http://www.wikidata.org/entity/Q7233551
http://www.wikidata.org/entity/Q2652686,http://www.wikidata.org/entity/Q25537498
http://www.wikidata.org/entity/Q3196886,
http://www.wikidata.org/entity/Q3429692,
http://www.wikidata.org/entity/Q2992536,http://www.wikidata.org/entity/Q29
http://www.wikidata.org/entity/Q2992536,http://www.wikidata.org/entity/Q142
http://www.wikidata.org/entity/Q3119132,http://www.wikidata.org/entity/Q668
http://www.wikidata.org/entity/Q3119132,http://www.wikidata.org/entity/Q843
http://www.wikidata.org/entity/Q3151731,http://www.wikidata.org/entity/Q96
http://www.wikidata.org/entity/Q4072719,http://www.wikidata.org/entity/Q843
http://www.wikidata.org/entity/Q4072719,http://www.wikidata.org/entity/Q889
http://www.wikidata.org/entity/Q6067814,http://www.wikidata.org/entity/Q30
http://www.wikidata.org/entity/Q2992536,http://www.wikidata.org/entity/Q2276662
http://www.wikidata.org/entity/Q3151731,http://www.wikidata.org/entity/Q188590
http://www.wikidata.org/entity/Q3151731,http://www.wikidata.org/entity/Q1322043
http://www.wikidata.org/entity/Q3151731,http://www.wikidata.org/entity/Q2031202
http://www.wikidata.org/entity/Q3151731,http://www.wikidata.org/entity/Q2048646
http://www.wikidata.org/entity/Q2992536,http://www.wikidata.org/entity/Q13474305
http://www.wikidata.org/entity/Q4116897,http://www.wikidata.org/entity/Q207991
http://www.wikidata.org/entity/Q4116897,http://www.wikidata.org/entity/Q781221
http://www.wikidata.org/entity/Q4116897,http://www.wikidata.org/entity/Q3108185
http://www.wikidata.org/entity/Q16118002,
http://www.wikidata.org/entity/Q16151540,
http://www.wikidata.org/entity/Q17272643,
http://www.wikidata.org/entity/Q23403028,
http://www.wikidata.org/entity/Q11050383,http://www.wikidata.org/entity/Q854
http://www.wikidata.org/entity/Q11154636,http://www.wikidata.org/entity/Q854
http://www.wikidata.org/entity/Q11942758,http://www.wikidata.org/entity/Q1045
http://www.wikidata.org/entity/Q11942758,http://www.wikidata.org/entity/Q115
http://www.wikidata.org/entity/Q16335075,http://www.wikidata.org/entity/Q159
http://www.wikidata.org/entity/Q16335075,http://www.wikidata.org/entity/Q212
http://www.wikidata.org/entity/Q16974363,http://www.wikidata.org/entity/Q854
http://www.wikidata.org/entity/Q17324420,http://www.wikidata.org/entity/Q801
http://www.wikidata.org/entity/Q17324420,http://www.wikidata.org/entity/Q38799
http://www.wikidata.org/entity/Q18920712,http://www.wikidata.org/entity/Q408
http://www.wikidata.org/entity/Q18920712,http://www.wikidata.org/entity/Q30
http://www.wikidata.org/entity/Q18920712,http://www.wikidata.org/entity/Q38
http://www.wikidata.org/entity/Q18920712,http://www.wikidata.org/entity/Q36
http://www.wikidata.org/entity/Q18920712,http://www.wikidata.org/entity/Q43
http://www.wikidata.org/entity/Q18920712,http://www.wikidata.org/entity/Q145
http://www.wikidata.org/entity/Q18920712,http://www.wikidata.org/entity/Q183
http://www.wikidata.org/entity/Q18920712,http://www.wikidata.org/entity/Q213
http://www.wikidata.org/entity/Q18920712,http://www.wikidata.org/entity/Q218
http://www.wikidata.org/entity/Q18920712,http://www.wikidata.org/entity/Q230
http://www.wikidata.org/entity/Q18920712,http://www.wikidata.org/entity/Q34490
http://www.wikidata.org/entity/Q18920712,http://www.wikidata.org/entity/Q42418
http://www.wikidata.org/entity/Q11050383,http://www.wikidata.org/entity/Q80312
http://www.wikidata.org/entity/Q11154636,http://www.wikidata.org/entity/Q80312
http://www.wikidata.org/entity/Q16335075,http://www.wikidata.org/entity/Q16150196
http://www.wikidata.org/entity/Q16335075,http://www.wikidata.org/entity/Q16746854
http://www.wikidata.org/entity/Q16911838,http://www.wikidata.org/entity/Q935288
http://www.wikidata.org/entity/Q16974363,http://www.wikidata.org/entity/Q80312
http://www.wikidata.org/entity/Q17324420,http://www.wikidata.org/entity/Q117907
http://www.wikidata.org/entity/Q17324420,http://www.wikidata.org/entity/Q212884
http://www.wikidata.org/entity/Q17324420,http://www.wikidata.org/entity/Q309474
http://www.wikidata.org/entity/Q17324420,http://www.wikidata.org/entity/Q628461
http://www.wikidata.org/entity/Q17324420,http://www.wikidata.org/entity/Q818618
http://www.wikidata.org/entity/Q17324420,http://www.wikidata.org/entity/Q2000803
http://www.wikidata.org/entity/Q16911838,http://www.wikidata.org/entity/Q21039420
http://www.wikidata.org/entity/Q16911838,http://www.wikidata.org/entity/Q22120970
http://www.wikidata.org/entity/Q18920712,http://www.wikidata.org/entity/Q18651204
http://www.wikidata.org/entity/Q18920712,http://www.wikidata.org/entity/Q21070585
http://www.wikidata.org/entity/Q81545,
http://www.wikidata.org/entity/Q142529,
http://www.wikidata.org/entity/Q243620,
http://www.wikidata.org/entity/Q257724,
http://www.wikidata.org/entity/Q426722,
http://www.wikidata.org/entity/Q647239,
http://www.wikidata.org/entity/Q657661,
http://www.wikidata.org/entity/Q782474,
http://www.wikidata.org/entity/Q795269,
http://www.wikidata.org/entity/Q829875,
http://www.wikidata.org/entity/Q852088,
http://www.wikidata.org/entity/Q163883,http://www.wikidata.org/entity/Q215
http://www.wikidata.org/entity/Q163883,http://www.wikidata.org/entity/Q57627
http://www.wikidata.org/entity/Q178810,http://www.wikidata.org/entity/Q44329
http://www.wikidata.org/entity/Q208484,http://www.wikidata.org/entity/Q41053
http://www.wikidata.org/entity/Q209965,http://www.wikidata.org/entity/Q1041
http://www.wikidata.org/entity/Q213394,http://www.wikidata.org/entity/Q854
http://www.wikidata.org/entity/Q521199,http://www.wikidata.org/entity/Q851
http://www.wikidata.org/entity/Q521199,http://www.wikidata.org/entity/Q39524
http://www.wikidata.org/entity/Q521199,http://www.wikidata.org/entity/Q42013
http://www.wikidata.org/entity/Q817206,http://www.wikidata.org/entity/Q30
http://www.wikidata.org/entity/Q842380,http://www.wikidata.org/entity/Q1036
http://www.wikidata.org/entity/Q842380,http://www.wikidata.org/entity/Q1049
http://www.wikidata.org/entity/Q877450,http://www.wikidata.org/entity/Q869
http://www.wikidata.org/entity/Q877450,http://www.wikidata.org/entity/Q30
http://www.wikidata.org/entity/Q163883,http://www.wikidata.org/entity/Q194443
http://www.wikidata.org/entity/Q163883,http://www.wikidata.org/entity/Q266026
http://www.wikidata.org/entity/Q163883,http://www.wikidata.org/entity/Q272110
http://www.wikidata.org/entity/Q163883,http://www.wikidata.org/entity/Q351852
http://www.wikidata.org/entity/Q178810,http://www.wikidata.org/entity/Q82398
http://www.wikidata.org/entity/Q178810,http://www.wikidata.org/entity/Q82403
http://www.wikidata.org/entity/Q178810,http://www.wikidata.org/entity/Q82400
http://www.wikidata.org/entity/Q178810,http://www.wikidata.org/entity/Q369251
http://www.wikidata.org/entity/Q178810,http://www.wikidata.org/entity/Q403421
http://www.wikidata.org/entity/Q178810,http://www.wikidata.org/entity/Q447173
http://www.wikidata.org/entity/Q178810,http://www.wikidata.org/entity/Q456977
http://www.wikidata.org/entity/Q188972,http://www.wikidata.org/entity/Q209065
http://www.wikidata.org/entity/Q178810,http://www.wikidata.org/entity/Q548228
http://www.wikidata.org/entity/Q178810,http://www.wikidata.org/entity/Q714040
http://www.wikidata.org/entity/Q185407,http://www.wikidata.org/entity/Q747333
http://www.wikidata.org/entity/Q208484,http://www.wikidata.org/entity/Q160805
http://www.wikidata.org/entity/Q185407,http://www.wikidata.org/entity/Q939021
http://www.wikidata.org/entity/Q209965,http://www.wikidata.org/entity/Q178254
http://www.wikidata.org/entity/Q213394,http://www.wikidata.org/entity/Q80312
http://www.wikidata.org/entity/Q178810,http://www.wikidata.org/entity/Q1334803
http://www.wikidata.org/entity/Q208484,http://www.wikidata.org/entity/Q452670
http://www.wikidata.org/entity/Q208484,http://www.wikidata.org/entity/Q913025
http://www.wikidata.org/entity/Q163883,http://www.wikidata.org/entity/Q2349921
http://www.wikidata.org/entity/Q163883,http://www.wikidata.org/entity/Q2746968
http://www.wikidata.org/entity/Q208484,http://www.wikidata.org/entity/Q1779990
http://www.wikidata.org/entity/Q208484,http://www.wikidata.org/entity/Q1822817
http://www.wikidata.org/entity/Q208484,http://www.wikidata.org/entity/Q2293745
http://www.wikidata.org/entity/Q208484,http://www.wikidata.org/entity/Q2655595
http://www.wikidata.org/entity/Q208484,http://www.wikidata.org/entity/Q3326561
http://www.wikidata.org/entity/Q213394,http://www.wikidata.org/entity/Q3358912
http://www.wikidata.org/entity/Q208484,http://www.wikidata.org/entity/Q4794304
http://www.wikidata.org/entity/Q185407,http://www.wikidata.org/entity/Q5589197
http://www.wikidata.org/entity/Q178810,http://www.wikidata.org/entity/Q7409537
http://www.wikidata.org/entity/Q188972,http://www.wikidata.org/entity/Q7252733
http://www.wikidata.org/entity/Q521199,http://www.wikidata.org/entity/Q146906
http://www.wikidata.org/entity/Q521199,http://www.wikidata.org/entity/Q170468
http://www.wikidata.org/entity/Q521199,http://www.wikidata.org/entity/Q217167
http://www.wikidata.org/entity/Q521199,http://www.wikidata.org/entity/Q267584
http://www.wikidata.org/entity/Q521199,http://www.wikidata.org/entity/Q307226
http://www.wikidata.org/entity/Q521199,http://www.wikidata.org/entity/Q307637
http://www.wikidata.org/entity/Q521199,http://www.wikidata.org/entity/Q317420
http://www.wikidata.org/entity/Q521199,http://www.wikidata.org/entity/Q317752
http://www.wikidata.org/entity/Q521199,http://www.wikidata.org/entity/Q400701
http://www.wikidata.org/entity/Q521199,http://www.wikidata.org/entity/Q400961
http://www.wikidata.org/entity/Q521199,http://www.wikidata.org/entity/Q580188
http://www.wikidata.org/entity/Q521199,http://www.wikidata.org/entity/Q711230
http://www.wikidata.org/entity/Q521199,http://www.wikidata.org/entity/Q1994260
http://www.wikidata.org/entity/Q521199,http://www.wikidata.org/entity/Q2276730
http://www.wikidata.org/entity/Q521199,http://www.wikidata.org/entity/Q2460197
http://www.wikidata.org/entity/Q521199,http://www.wikidata.org/entity/Q5645953
http://www.wikidata.org/entity/Q521199,http://www.wikidata.org/entity/Q6854149
http://www.wikidata.org/entity/Q817206,http://www.wikidata.org/entity/Q172640
http://www.wikidata.org/entity/Q817206,http://www.wikidata.org/entity/Q174423
http://www.wikidata.org/entity/Q817206,http://www.wikidata.org/entity/Q180573
http://www.wikidata.org/entity/Q817206,http://www.wikidata.org/entity/Q221066
http://www.wikidata.org/entity/Q817206,http://www.wikidata.org/entity/Q1054184
http://www.wikidata.org/entity/Q842380,http://www.wikidata.org/entity/Q912908
http://www.wikidata.org/entity/Q842380,http://www.wikidata.org/entity/Q1278182
http://www.wikidata.org/entity/Q817206,http://www.wikidata.org/entity/Q2598946
http://www.wikidata.org/entity/Q817206,http://www.wikidata.org/entity/Q2638486
http://www.wikidata.org/entity/Q521199,http://www.wikidata.org/entity/Q12222671
http://www.wikidata.org/entity/Q521199,http://www.wikidata.org/entity/Q12223130
http://www.wikidata.org/entity/Q521199,http://www.wikidata.org/entity/Q12228141
http://www.wikidata.org/entity/Q521199,http://www.wikidata.org/entity/Q12240981
http://www.wikidata.org/entity/Q842380,http://www.wikidata.org/entity/Q3373953
http://www.wikidata.org/entity/Q842380,http://www.wikidata.org/entity/Q4778218
http://www.wikidata.org/entity/Q521199,http://www.wikidata.org/entity/Q15075906
http://www.wikidata.org/entity/Q521199,http://www.wikidata.org/entity/Q16119447
http://www.wikidata.org/entity/Q521199,http://www.wikidata.org/entity/Q16126787
http://www.wikidata.org/entity/Q842380,http://www.wikidata.org/entity/Q6500954
http://www.wikidata.org/entity/Q842380,http://www.wikidata.org/entity/Q7068422
http://www.wikidata.org/entity/Q842380,http://www.wikidata.org/entity/Q7392592
http://www.wikidata.org/entity/Q842380,http://www.wikidata.org/entity/Q7568575
http://www.wikidata.org/entity/Q945700,
http://www.wikidata.org/entity/Q1021175,
http://www.wikidata.org/entity/Q1052332,
http://www.wikidata.org/entity/Q1070890,
http://www.wikidata.org/entity/Q1087909,
http://www.wikidata.org/entity/Q1122422,
http://www.wikidata.org/entity/Q1154912,
http://www.wikidata.org/entity/Q1276892,
http://www.wikidata.org/entity/Q1477500,
http://www.wikidata.org/entity/Q1781457,
http://www.wikidata.org/entity/Q1915188,
http://www.wikidata.org/entity/Q1980081,
http://www.wikidata.org/entity/Q1021172,http://www.wikidata.org/entity/Q657
http://www.wikidata.org/entity/Q1021172,http://www.wikidata.org/entity/Q916
http://www.wikidata.org/entity/Q1021172,http://www.wikidata.org/entity/Q971
http://www.wikidata.org/entity/Q1021172,http://www.wikidata.org/entity/Q1037
http://www.wikidata.org/entity/Q1122110,http://www.wikidata.org/entity/Q265
http://www.wikidata.org/entity/Q1122110,http://www.wikidata.org/entity/Q813
http://www.wikidata.org/entity/Q1122110,http://www.wikidata.org/entity/Q863
http://www.wikidata.org/entity/Q1122110,http://www.wikidata.org/entity/Q159
http://www.wikidata.org/entity/Q1122110,http://www.wikidata.org/entity/Q232
http://www.wikidata.org/entity/Q1122110,http://www.wikidata.org/entity/Q42418
http://www.wikidata.org/entity/Q54448834,
http://www.wikidata.org/entity/Q66474138,
http://www.wikidata.org/entity/Q68718107,
http://www.wikidata.org/entity/Q877450,http://www.wikidata.org/entity/Q172640
http://www.wikidata.org/entity/Q877450,http://www.wikidata.org/entity/Q180573
http://www.wikidata.org/entity/Q877450,http://www.wikidata.org/entity/Q858887
http://www.wikidata.org/entity/Q877450,http://www.wikidata.org/entity/Q870055
http://www.wikidata.org/entity/Q1122110,http://www.wikidata.org/entity/Q1415585
http://www.wikidata.org/entity/Q1122110,http://www.wikidata.org/entity/Q4330417
http://www.wikidata.org/entity/Q1282732,http://www.wikidata.org/entity/Q430960
http://www.wikidata.org/entity/Q1282732,http://www.wikidata.org/entity/Q1154742
http://www.wikidata.org/entity/Q1960733,http://www.wikidata.org/entity/Q3238013
http://www.wikidata.org/entity/Q1960733,http://www.wikidata.org/entity/Q3326792
http://www.wikidata.org/entity/Q1960733,http://www.wikidata.org/entity/Q3331367
http://www.wikidata.org/entity/Q1960733,http://www.wikidata.org/entity/Q4774296
http://www.wikidata.org/entity/Q1960733,http://www.wikidata.org/entity/Q6503255
http://www.wikidata.org/entity/Q55600802,http://www.wikidata.org/entity/Q207521
http://www.wikidata.org/entity/Q55600802,http://www.wikidata.org/entity/Q7559152
http://www.wikidata.org/entity/Q501866,
http://www.wikidata.org/entity/Q2002270,
http://www.wikidata.org/entity/Q2002975,
http://www.wikidata.org/entity/Q2354629,
http://www.wikidata.org/entity/Q2634899,
http://www.wikidata.org/entity/Q2946372,
http://www.wikidata.org/entity/Q107802,http://www.wikidata.org/entity/Q408
http://www.wikidata.org/entity/Q107802,http://www.wikidata.org/entity/Q1316
http://www.wikidata.org/entity/Q107802,http://www.wikidata.org/entity/Q9545
http://www.wikidata.org/entity/Q107802,http://www.wikidata.org/entity/Q30
http://www.wikidata.org/entity/Q107802,http://www.wikidata.org/entity/Q36
http://www.wikidata.org/entity/Q107802,http://www.wikidata.org/entity/Q145
http://www.wikidata.org/entity/Q107802,http://www.wikidata.org/entity/Q207
http://www.wikidata.org/entity/Q3434218,
http://www.wikidata.org/entity/Q10292592,
http://www.wikidata.org/entity/Q10360270,
http://www.wikidata.org/entity/Q12302518,
http://www.wikidata.org/entity/Q15353665,
http://www.wikidata.org/entity/Q17183365,
http://www.wikidata.org/entity/Q2444955,http://www.wikidata.org/entity/Q258
http://www.wikidata.org/entity/Q3119017,http://www.wikidata.org/entity/Q57274
http://www.wikidata.org/entity/Q12055176,http://www.wikidata.org/entity/Q258
http://www.wikidata.org/entity/Q12055176,http://www.wikidata.org/entity/Q28551
http://www.wikidata.org/entity/Q12055176,http://www.wikidata.org/entity/Q28699
http://www.wikidata.org/entity/Q12055176,http://www.wikidata.org/entity/Q241
http://www.wikidata.org/entity/Q17984356,http://www.wikidata.org/entity/Q794
http://www.wikidata.org/entity/Q17984356,http://www.wikidata.org/entity/Q858
http://www.wikidata.org/entity/Q19686631,http://www.wikidata.org/entity/Q57480
http://www.wikidata.org/entity/Q42306419,http://www.wikidata.org/entity/Q774
http://www.wikidata.org/entity/Q42306431,http://www.wikidata.org/entity/Q774
http://www.wikidata.org/entity/Q42306428,http://www.wikidata.org/entity/Q967
http://www.wikidata.org/entity/Q107802,http://www.wikidata.org/entity/Q311916
http://www.wikidata.org/entity/Q107802,http://www.wikidata.org/entity/Q336347
http://www.wikidata.org/entity/Q107802,http://www.wikidata.org/entity/Q461823
http://www.wikidata.org/entity/Q107802,http://www.wikidata.org/entity/Q568914
http://www.wikidata.org/entity/Q107802,http://www.wikidata.org/entity/Q957277
http://www.wikidata.org/entity/Q107802,http://www.wikidata.org/entity/Q3108185
http://www.wikidata.org/entity/Q2444955,http://www.wikidata.org/entity/Q83162
http://www.wikidata.org/entity/Q2444955,http://www.wikidata.org/entity/Q203423
http://www.wikidata.org/entity/Q2444955,http://www.wikidata.org/entity/Q203427
http://www.wikidata.org/entity/Q2444955,http://www.wikidata.org/entity/Q217169
http://www.wikidata.org/entity/Q2444955,http://www.wikidata.org/entity/Q504564
http://www.wikidata.org/entity/Q2444955,http://www.wikidata.org/entity/Q750583
http://www.wikidata.org/entity/Q2444955,http://www.wikidata.org/entity/Q890120
http://www.wikidata.org/entity/Q2444955,http://www.wikidata.org/entity/Q5505873
http://www.wikidata.org/entity/Q3119017,http://www.wikidata.org/entity/Q210069
http://www.wikidata.org/entity/Q3119017,http://www.wikidata.org/entity/Q376073
http://www.wikidata.org/entity/Q3119017,http://www.wikidata.org/entity/Q1967703
http://www.wikidata.org/entity/Q12055176,http://www.wikidata.org/entity/Q608489
http://www.wikidata.org/entity/Q12055176,http://www.wikidata.org/entity/Q907051
http://www.wikidata.org/entity/Q17984356,http://www.wikidata.org/entity/Q205047
http://www.wikidata.org/entity/Q17984356,http://www.wikidata.org/entity/Q311381
http://www.wikidata.org/entity/Q17984356,http://www.wikidata.org/entity/Q1424473
http://www.wikidata.org/entity/Q17984356,http://www.wikidata.org/entity/Q1672351
http://www.wikidata.org/entity/Q17984356,http://www.wikidata.org/entity/Q2429253
http://www.wikidata.org/entity/Q17984356,http://www.wikidata.org/entity/Q4119382
http://www.wikidata.org/entity/Q17984356,http://www.wikidata.org/entity/Q7246220
http://www.wikidata.org/entity/Q17984356,http://www.wikidata.org/entity/Q16849914
http://www.wikidata.org/entity/Q17984356,http://www.wikidata.org/entity/Q18712599
http://www.wikidata.org/entity/Q19686631,http://www.wikidata.org/entity/Q483672
http://www.wikidata.org/entity/Q19686631,http://www.wikidata.org/entity/Q979788
http://www.wikidata.org/entity/Q19686631,http://www.wikidata.org/entity/Q2558262
http://www.wikidata.org/entity/Q19686631,http://www.wikidata.org/entity/Q6399485
http://www.wikidata.org/entity/Q19686631,http://www.wikidata.org/entity/Q12208895
http://www.wikidata.org/entity/Q19686631,http://www.wikidata.org/entity/Q19006319
http://www.wikidata.org/entity/Q19686631,http://www.wikidata.org/entity/Q19673630
http://www.wikidata.org/entity/Q19686631,http://www.wikidata.org/entity/Q19726748
http://www.wikidata.org/entity/Q19686631,http://www.wikidata.org/entity/Q19894678
http://www.wikidata.org/entity/Q19686631,http://www.wikidata.org/entity/Q20047019
http://www.wikidata.org/entity/Q19686631,http://www.wikidata.org/entity/Q20047030
http://www.wikidata.org/entity/Q19686631,http://www.wikidata.org/entity/Q20385277
http://www.wikidata.org/entity/Q19686631,http://www.wikidata.org/entity/Q20390543
http://www.wikidata.org/entity/Q19686631,http://www.wikidata.org/entity/Q20411748
http://www.wikidata.org/entity/Q19686631,http://www.wikidata.org/entity/Q20414253
http://www.wikidata.org/entity/Q19686631,http://www.wikidata.org/entity/Q20423157
http://www.wikidata.org/entity/Q19686631,http://www.wikidata.org/entity/Q21680111
http://www.wikidata.org/entity/Q19686631,http://www.wikidata.org/entity/Q22686158
http://www.wikidata.org/entity/Q42306428,http://www.wikidata.org/entity/Q192647
http://www.wikidata.org/entity/Q42410504,http://www.wikidata.org/entity/Q157744
http://www.wikidata.org/entity/Q42306419,http://www.wikidata.org/entity/Q42296679
http://www.wikidata.org/entity/Q200790,
http://www.wikidata.org/entity/Q607257,
http://www.wikidata.org/entity/Q1050999,
http://www.wikidata.org/entity/Q1773984,
http://www.wikidata.org/entity/Q1780216,
http://www.wikidata.org/entity/Q2609193,
http://www.wikidata.org/entity/Q152060,http://www.wikidata.org/entity/Q916
http://www.wikidata.org/entity/Q48941560,
http://www.wikidata.org/entity/Q65251940,
http://www.wikidata.org/entity/Q2583734,http://www.wikidata.org/entity/Q574
http://www.wikidata.org/entity/Q2583734,http://www.wikidata.org/entity/Q252
http://www.wikidata.org/entity/Q2583734,http://www.wikidata.org/entity/Q44819
http://www.wikidata.org/entity/Q15059994,http://www.wikidata.org/entity/Q794
http://www.wikidata.org/entity/Q15059994,http://www.wikidata.org/entity/Q801
http://www.wikidata.org/entity/Q42410520,http://www.wikidata.org/entity/Q1037
http://www.wikidata.org/entity/Q42410546,http://www.wikidata.org/entity/Q774
http://www.wikidata.org/entity/Q42410550,http://www.wikidata.org/entity/Q657
http://www.wikidata.org/entity/Q42410540,http://www.wikidata.org/entity/Q1036
http://www.wikidata.org/entity/Q42410592,http://www.wikidata.org/entity/Q399
http://www.wikidata.org/entity/Q42410643,http://www.wikidata.org/entity/Q262
http://www.wikidata.org/entity/Q42410655,http://www.wikidata.org/entity/Q1014
http://www.wikidata.org/entity/Q42410655,http://www.wikidata.org/entity/Q1033
http://www.wikidata.org/entity/Q42410678,http://www.wikidata.org/entity/Q424
http://www.wikidata.org/entity/Q42410697,http://www.wikidata.org/entity/Q1037
http://www.wikidata.org/entity/Q42410722,http://www.wikidata.org/entity/Q1037
http://www.wikidata.org/entity/Q42410546,http://www.wikidata.org/entity/Q30
http://www.wikidata.org/entity/Q42410550,http://www.wikidata.org/entity/Q142
http://www.wikidata.org/entity/Q42410581,http://www.wikidata.org/entity/Q230
http://www.wikidata.org/entity/Q42410592,http://www.wikidata.org/entity/Q227
http://www.wikidata.org/entity/Q42410622,http://www.wikidata.org/entity/Q217
http://www.wikidata.org/entity/Q42410592,http://www.wikidata.org/entity/Q44302
http://www.wikidata.org/entity/Q152060,http://www.wikidata.org/entity/Q608489
http://www.wikidata.org/entity/Q152060,http://www.wikidata.org/entity/Q5473316
http://www.wikidata.org/entity/Q2583734,http://www.wikidata.org/entity/Q731840
http://www.wikidata.org/entity/Q2583734,http://www.wikidata.org/entity/Q737475
http://www.wikidata.org/entity/Q2583734,http://www.wikidata.org/entity/Q744214
http://www.wikidata.org/entity/Q2583734,http://www.wikidata.org/entity/Q855515
http://www.wikidata.org/entity/Q2583734,http://www.wikidata.org/entity/Q935996
http://www.wikidata.org/entity/Q2583734,http://www.wikidata.org/entity/Q948124
http://www.wikidata.org/entity/Q2583734,http://www.wikidata.org/entity/Q1156997
http://www.wikidata.org/entity/Q2583734,http://www.wikidata.org/entity/Q1439335
http://www.wikidata.org/entity/Q2583734,http://www.wikidata.org/entity/Q4343894
http://www.wikidata.org/entity/Q42410520,http://www.wikidata.org/entity/Q193092
http://www.wikidata.org/entity/Q42410678,http://www.wikidata.org/entity/Q191764
http://www.wikidata.org/entity/Q42410722,http://www.wikidata.org/entity/Q192647
http://www.wikidata.org/entity/Q42410540,http://www.wikidata.org/entity/Q403656
http://www.wikidata.org/entity/Q42410697,http://www.wikidata.org/entity/Q690240
http://www.wikidata.org/entity/Q42410643,http://www.wikidata.org/entity/Q734545
http://www.wikidata.org/entity/Q42410622,http://www.wikidata.org/entity/Q907112
http://www.wikidata.org/entity/Q42410550,http://www.wikidata.org/entity/Q1075228
http://www.wikidata.org/entity/Q42410655,http://www.wikidata.org/entity/Q1576536
http://www.wikidata.org/entity/Q42410655,http://www.wikidata.org/entity/Q7888232
